{"cameraMode":{"drawMode":0,"name":"Shaded","section":"Shading Mode"},"sceneLighting":false,"audioPlay":false,"sceneViewState":{"showFog":true,"showMaterialUpdate":false,"showSkybox":false,"showFlares":true,"showImageEffects":true,"showParticleSystems":true},"in2DMode":false,"pivot":{"x":0.07850539684295654,"y":9.272367477416993,"z":0.1333622932434082},"rotation":{"x":-0.01616637594997883,"y":-0.0539722740650177,"z":-0.0008754415903240442,"w":0.9984230995178223},"size":30.029827117919923,"orthographic":false}